ID,text,label
1160,empowering students to be real world problem solvers,Education / E-Learning
696,college grads prioritize job location  plus tiktok employees questioned at u s  border,Career & Job Searching
395,personal growth,Lifestyle
266,early math review,Education / E-Learning
906,cookies policy,Movies & TV Shows
104,ryan northrup,Movies & TV Shows
392,give them the chance,Education / E-Learning
235,content integrity,Lifestyle
1171,7 strategies to activate students  sel skills,Education / E-Learning
785,information technology jobs,Career & Job Searching
286,3 skill building activities for upper elementary math,Education / E-Learning
854,daniel leonard,Education / E-Learning
642,career insights   advice hub,Education / E-Learning
1005,8 expert backed tips that ll help you curb an online shopping habit,Lifestyle
1137,companies,Career & Job Searching
227,donald sutherland  versatile star of  m a s h    ordinary people  and  the hunger games   dies at 88,Movies & TV Shows
68,9 12 high school,Education / E-Learning
316,box office,Movies & TV Shows
89,5 war movies that paved the way for  civil war ,Movies & TV Shows
282,6 8 middle school,Education / E-Learning
639,google cybersecurity professional certificate,Education / E-Learning
763,report a security issue,Career & Job Searching
303,depression,Lifestyle
1078,disclaimer,Lifestyle
8,investors,Career & Job Searching
1181,how to write a compelling engineering cover letter   including example,Career & Job Searching
1131,teaching center,Education / E-Learning
916,7 ways to help young students speak with confidence and poise,Education / E-Learning
713,13 pairs of ugly cute clogs perfect for days when you have so much shit to do,Lifestyle
362,skip to content,Career & Job Searching
709,is it safe to eat runny eggs right now or are you risking bird flu ,Lifestyle
1006,  tv s top 5 podcast,Movies & TV Shows
668,making the library a more welcoming space,Education / E-Learning
297,visit our corporate site,Movies & TV Shows
416,apple tv,Movies & TV Shows
1267,here s how you can prevent complications and find relief ,Lifestyle
482,master of advanced study in engineering,Education / E-Learning
201,learn more,Lifestyle
10,anti racism at work,Career & Job Searching
733,tim chan,Movies & TV Shows
1193,new research just busted 13 caffeine myths  coffee drinkers  listen up ,Lifestyle
989,progress tracker,Education / E-Learning
646,are we having the right conversations about mental health ,Lifestyle
774,7 fantastic scalp sunscreens that will protect your part,Lifestyle
169,6th grade  expanded ,Education / E-Learning
1019,the dark knight rises  2012 ,Movies & TV Shows
626,find jobs,Career & Job Searching
926,exploring writing  social studies  and math in a map challenge,Education / E-Learning
589,social media literacy,Education / E-Learning
38,coaching,Career & Job Searching
83,avatar 3  2025 ,Movies & TV Shows
979,islands,Movies & TV Shows
128,catalog,Education / E-Learning
334,accessibility help,Lifestyle
724,next page,Lifestyle
604,salary tools,Career & Job Searching
375,  behind the screen,Movies & TV Shows
233,emmy predictions,Movies & TV Shows
9,grammar,Education / E-Learning
58,  rambling reporter,Movies & TV Shows
298,                     is it legal to discriminate on marital status for car insurance pensions etc                   ,Education / E-Learning
647,  indiewire,Movies & TV Shows
925,how olympic gymnast jordan chiles stays resilient,Lifestyle
775,watching  this  on tv may actually boost your well being  new study finds,Lifestyle
256,these exercises are a  for strength longevity   are you doing them ,Lifestyle
501,social   emotional learning  khan kids ,Education / E-Learning
17,shop now,Lifestyle
824,newsletter signup,Lifestyle
79,                     creating train cfg in mlip 2                 ,Education / E-Learning
322,send us feedback,Career & Job Searching
1186,forbes press room,Career & Job Searching
377,get ready for 8th grade,Education / E-Learning
387,too hot to work  and embracing  good enough ,Career & Job Searching
1196,adopting characteristics of an entrepreneur in your day job ,Career & Job Searching
577,changing jobs,Career & Job Searching
735,breast cancer,Lifestyle
897,workouts,Lifestyle
597,prime video,Movies & TV Shows
369,become an affiliate,Lifestyle
1274,rina torchinsky,Career & Job Searching
12,read more,Movies & TV Shows
368,paul hawken ,Lifestyle
834,10 highest paying healthcare jobs    a bonus animal lover s job ,Career & Job Searching
283,why hiring managers are widening their gaze away from the ivies,Career & Job Searching
1068,using learning progressions to build student confidence,Education / E-Learning
359,statistics   probability,Education / E-Learning
645,deep dive,Movies & TV Shows
483,jerome casio,Movies & TV Shows
1055,want to pick up a new habit  do this to increase the odds of success,Lifestyle
633,about rotten tomatoes,Movies & TV Shows
865,the mummy  1999   1999 ,Movies & TV Shows
1232,this gentle treatment makes thinning hair feel full of volume,Lifestyle
22,2023 coursera learner outcomes report,Education / E-Learning
167,how to pitch indiewire,Movies & TV Shows
94,cookie settings,Movies & TV Shows
654,indiewire,Movies & TV Shows
324,got a tip ,Movies & TV Shows
814,personal finance,Education / E-Learning
752,job search elevator pitch examples for students,Career & Job Searching
299,guided lessons,Education / E-Learning
927,中文  简体中文 ,Education / E-Learning
680,  sourcing journal,Movies & TV Shows
300,about self,Lifestyle
27,career stories,Career & Job Searching
797,financial markets,Education / E-Learning
674,elizabeth pearson,Career & Job Searching
688,download our apps,Education / E-Learning
541,trailers,Movies & TV Shows
385,    it follows 2 gets major filming update from original horror movie star   ,Movies & TV Shows
603,latest articles,Lifestyle
142,32 of the most ridiculous soap opera tropes,Movies & TV Shows
99,for employers,Career & Job Searching
681,advertising and marketing,Career & Job Searching
14,sara gottfried m d ,Lifestyle
1118,common receptionist interview questions   example answers,Career & Job Searching
1168,business operations,Career & Job Searching
1142,a showdown over noncompete agreements is coming  buckle up ,Career & Job Searching
1079,a strategy for guiding students to take deep notes,Education / E-Learning
216,editorial process,Lifestyle
1192,careers in software engineering,Career & Job Searching
288,parents,Education / E-Learning
678,benjamin barbour,Education / E-Learning
1107,how to show promotions on your resume,Career & Job Searching
718,how to start a successful health coaching business  yes  you can  ,Lifestyle
822,  soaps,Movies & TV Shows
1089,get ready for 3rd grade,Education / E-Learning
1018,the skin smoothing mask that sold out in 48 hours is 30  off right now,Lifestyle
986,  representation,Movies & TV Shows
1215,periods,Lifestyle
1128,career story videos,Career & Job Searching
346,ancient art,Education / E-Learning
1288,how to prevent and treat butt zits  according to dermatologists,Lifestyle
826,the union  2024 ,Movies & TV Shows
757,andy behbakht,Movies & TV Shows
788,the best hand creams with spf   according to dermatologists,Lifestyle
438,    poorly reviewed dracula movie finds second life on netflix s global chart 10 years later   ,Movies & TV Shows
934,tyler rablin,Education / E-Learning
919,trigonometry,Education / E-Learning
776,the smile 2 trailer kills off a character from the first movie,Movies & TV Shows
990,business analytics with excel  elementary to advanced,Education / E-Learning
245,using formative assessment to measure student progress,Education / E-Learning
813,           karlovy vary fest s karel och on strike impact  female representation  record year for asian titles      ,Movies & TV Shows
401,           jessie buckley  riz ahmed film  fingernails  to close karlovy vary festival      ,Movies & TV Shows
44,accessibility,Education / E-Learning
726,advertise,Lifestyle
610,ap   college biology,Education / E-Learning
60,topsie vandenbosch  lmsw,Career & Job Searching
505,break room,Career & Job Searching
106,asian art,Education / E-Learning
1129,jennifer wood,Education / E-Learning
1300,5 subtle but common signs of autism in adults,Lifestyle
32,deepak chopra m d ,Lifestyle
657,sign up now,Career & Job Searching
721,emma whitford,Career & Job Searching
388,healthy weight,Lifestyle
695,how to watch kingdom of the planet of the apes at home,Movies & TV Shows
1042,get ready for ap  statistics,Education / E-Learning
1269,getting ahead,Career & Job Searching
566,get ready for 4th grade,Education / E-Learning
619,philosophy,Education / E-Learning
95,leadership,Career & Job Searching
284,artnews,Movies & TV Shows
255,tech blog,Education / E-Learning
258,tell a friend,Career & Job Searching
126,contact us,Career & Job Searching
503,common core resources,Education / E-Learning
561,  business,Movies & TV Shows
714,borys kit,Movies & TV Shows
366,advertise with us,Lifestyle
1205,sherzod odilov,Career & Job Searching
372,           fremantle inks first look deal with kristen stewart s nevermind pictures      ,Movies & TV Shows
454,lethal weapon 5 may be happening with an unexpected director,Movies & TV Shows
866,covid cases are rising again  here s how to stop it from ruining your summer,Lifestyle
553,40 resume summary examples to help you write yours ,Career & Job Searching
932,filmmaker toolkit podcast,Movies & TV Shows
1112,middle school earth and space science,Education / E-Learning
119,editor s picks,Lifestyle
872,microeconomics,Education / E-Learning
145,our content specialists,Education / E-Learning
0,mia galuppo,Movies & TV Shows
391,administration   leadership,Education / E-Learning
332,  shopping,Movies & TV Shows
1047,write for us,Lifestyle
193,classes,Lifestyle
158,what is a social media background check for employment ,Career & Job Searching
572,seattle jobs,Career & Job Searching
466,the best cover letter examples that will help you get hired,Career & Job Searching
1191,sexual health,Lifestyle
622,medical news today,Lifestyle
3,  music,Movies & TV Shows
581,6 surprising things that can damage your hearing,Lifestyle
562,see additional information,Lifestyle
1138,ap   college us history,Education / E-Learning
567,movies at home,Movies & TV Shows
54,originates,Lifestyle
574,  features,Movies & TV Shows
42,rss feeds,Lifestyle
1115,for career coaches,Career & Job Searching
1012,best on streaming                             ,Movies & TV Shows
443,microsoft project management ,Education / E-Learning
1050,online exercises,Education / E-Learning
628,for partners,Career & Job Searching
1163,temperatures are rising  and they may take a toll on your health ,Lifestyle
1032,podcasts,Movies & TV Shows
432,  e edition access,Movies & TV Shows
547,fairchild media,Movies & TV Shows
800,         showtimes       ,Movies & TV Shows
730,bad boys  ride or die s box office success re cements will smith s a list star status,Movies & TV Shows
189,  broadcast ratings,Movies & TV Shows
1195,employer resources,Career & Job Searching
903,resume examples,Career & Job Searching
1212,38 loungewear basics you ll never want to take off,Lifestyle
1169,masthead,Lifestyle
976,autumn mosby,Education / E-Learning
437,newsletters,Movies & TV Shows
489,technology integration,Education / E-Learning
516,customer service,Career & Job Searching
447,popular sql certifications,Education / E-Learning
1136,women s health,Lifestyle
569,norsk bokmål,Education / E-Learning
65,georg szalai,Movies & TV Shows
390,from here on out  i m running in shoes with a natural fit  here s why ,Lifestyle
1031,data analytics,Education / E-Learning
649,            trans memoria  trailer gives emotional glimpse at victoria verseau s first feature premiering at kviff  exclusive       ,Movies & TV Shows
1080,training and development,Career & Job Searching
74,integrative health,Lifestyle
1227,jobs at forbes,Career & Job Searching
1234,administration and office,Career & Job Searching
694,project based learning,Education / E-Learning
675,new york jobs,Career & Job Searching
1110,help center,Education / E-Learning
571,caroline ceniza levine,Career & Job Searching
805, tulsa king  sets season 2 premiere date  sylvester stallone is behind bars in first trailer,Movies & TV Shows
361,privacy policy   cookie statement,Lifestyle
1190,astrologers say your best bet is to prioritize this june,Lifestyle
485,articles,Education / E-Learning
75,profile,Career & Job Searching
670,                 what to watch               ,Movies & TV Shows
918,this is what a mid 40s face without any work done looks like,Lifestyle
137,certified fresh movies,Movies & TV Shows
1127,product management,Career & Job Searching
1239,education,Career & Job Searching
870,why you should conduct more training during slower summer months,Career & Job Searching
327,the best tv shows of 2023,Movies & TV Shows
500,ap   college calculus ab,Education / E-Learning
983,accounting and finance,Career & Job Searching
1256,healthcare,Career & Job Searching
998,the muse book  the new rules of work,Career & Job Searching
234,  the hollywood reporter,Movies & TV Shows
994,us government and civics,Education / E-Learning
585,                     can a unique position be deduced if pieces are replaced by checkers  can see piece color but not type                  ,Education / E-Learning
181,natural history,Education / E-Learning
424,mattel has turned jimmy buffett into the best jurassic world action figure,Movies & TV Shows
172,career change,Career & Job Searching
1061,support community,Education / E-Learning
107,                     ld_debug_output does not work                 ,Education / E-Learning
1273,marketing jobs,Career & Job Searching
427,critic submission,Movies & TV Shows
446,account help,Education / E-Learning
223,  reviews,Movies & TV Shows
422,  newsletters,Movies & TV Shows
579,privacy preferences,Career & Job Searching
348,sha carri richardson will finally get her shot at olympic gold,Lifestyle
174,13 hidden gems in sean price williams   1000 movies ,Movies & TV Shows
1011,limit the use of my sensitive personal information,Career & Job Searching
578,these 6 health risks can significantly increase on hot days,Lifestyle
731,felipe rangel,Movies & TV Shows
61,privacy policy,Education / E-Learning
373,awards spotlight,Movies & TV Shows
1207,job search videos,Career & Job Searching
582,alexis noriega,Career & Job Searching
148,upload resume,Career & Job Searching
1113,dlai deep learning specialization,Education / E-Learning
823,topics a z,Education / E-Learning
1177,these foods could also help you manage other heart risk factors ,Lifestyle
692,disability and work,Career & Job Searching
745,management,Career & Job Searching
591,connecting across disciplines in pbl,Education / E-Learning
901,our contributors,Education / E-Learning
506,neurological health,Lifestyle
328,this is exactly how much coffee you should drink if you want to live longer,Lifestyle
39,growth mindset,Education / E-Learning
1291,the only product you need to stay on top of liver detoxification,Lifestyle
1284,cover letters,Career & Job Searching
1228,careers in sales,Career & Job Searching
601,3 things you should be doing if your boss is disorganized,Career & Job Searching
742,remote work,Career & Job Searching
114,sourcing journal,Movies & TV Shows
1120,                     why does c show up in schwarzschild s equation for the horizon radius                  ,Education / E-Learning
45,anxiety disorders,Lifestyle
550,don jon,Movies & TV Shows
587,dawn pagliaro newman,Education / E-Learning
18,the nosferatu trailer makes vampires scary again,Movies & TV Shows
808,putting an environmental spin on literary analysis,Education / E-Learning
810,sr exclusives                             ,Movies & TV Shows
878,how a phone call from hugh jackman saved deadpool 3 from oblivion,Movies & TV Shows
521,this quick pilates workout will make tight shoulders feel so much better,Lifestyle
946,marvel                             ,Movies & TV Shows
1162,greatist,Lifestyle
162,resumes,Career & Job Searching
759,  footwear news,Movies & TV Shows
7,challenges,Lifestyle
173,sitemap,Lifestyle
1230,how to rehydrate quickly when you re so  so hot,Lifestyle
224,research,Education / E-Learning
928,caroline castrillon,Career & Job Searching
55,terms and conditions,Movies & TV Shows
481,maryland marijuana pardons  impact on employers   job candidates,Career & Job Searching
904,banijay entertainment s french scripted label screenline pacts with writers duo behind prime video s local series  trash ,Movies & TV Shows
555,looking for monster cable ,Career & Job Searching
211,static media,Movies & TV Shows
21,television,Movies & TV Shows
909,work relationships,Career & Job Searching
504,search jobs,Career & Job Searching
367,how to stop obsessing over someone you hate,Lifestyle
700,message center,Career & Job Searching
594,ap   college macroeconomics,Education / E-Learning
1263,5 remote data entry jobs that pay  100 000  in 2024,Career & Job Searching
621,mastertrack  certificates,Education / E-Learning
133,san francisco jobs,Career & Job Searching
881,13 night creams derms love for aging skin,Lifestyle
218,popular it certifications,Education / E-Learning
707,this carotenoid reduces wrinkles   age spots in as little as 6     weeks ,Lifestyle
1157,top 3 tips to encourage creative thinking within your team,Career & Job Searching
1206,conditionally,Lifestyle
599,supreme court green lights corrupt gratuities for politicians,Movies & TV Shows
1226,productivity,Career & Job Searching
1088,maya richard craven,Career & Job Searching
1154,gender and work,Career & Job Searching
307,training   development,Career & Job Searching
20,microsoft business analyst,Education / E-Learning
1225,the super easy way to add a bunch of protein to any cereal,Lifestyle
462,spencer burrows,Education / E-Learning
691,english,Education / E-Learning
287,our audience,Movies & TV Shows
1292,alonzo martinez,Career & Job Searching
1200,condé nast store,Lifestyle
240,tell us what you think,Education / E-Learning
323,what we offer,Education / E-Learning
1062,employers   post job,Career & Job Searching
1182,how black leaders can protect their well being from microaggressions,Career & Job Searching
773,dc                             ,Movies & TV Shows
1298,are creatine supplements bad for your kidneys  what s fact vs  fiction,Lifestyle
253,outdoor guide,Movies & TV Shows
1147,workbooks,Education / E-Learning
294,superman  2025 ,Movies & TV Shows
1290,identifying greenwashing   clean swaps from advocate lindsay dahl,Lifestyle
461,psych central,Lifestyle
453,our leadership,Education / E-Learning
554,check out new jobs,Career & Job Searching
261,mark murphy,Career & Job Searching
710,see more,Movies & TV Shows
1249,don t go broke during wedding season  5 genius tips to save    ,Lifestyle
254,5 time tested mental models to help you become a better change leader,Career & Job Searching
113,հայերեն,Education / E-Learning
942,my whole body looks firmer   smoother thanks to this tiny device,Lifestyle
967,newsletter sign up,Lifestyle
308,join for free,Education / E-Learning
1210,software engineering,Career & Job Searching
749,industry spotlight videos,Career & Job Searching
93,rachel wells,Career & Job Searching
1173,work life balance,Career & Job Searching
564,andrew miller,Education / E-Learning
1146,dating this zodiac sign  here s everything you need to know    if he s interested in you ,Lifestyle
1098,                     android dot folder  hidden folder  is not showing in windows                 ,Education / E-Learning
1076,master of engineering in engineering management,Education / E-Learning
124,scott roxborough,Movies & TV Shows
643,amy shah m d ,Lifestyle
1100,tierney cashman,Education / E-Learning
115,sho dewan,Career & Job Searching
214,  stylecaster,Movies & TV Shows
530,           film academy invites 487 to join including duncan crabtree ireland  lily gladstone  chris silbermann and celine song      ,Movies & TV Shows
1003,activity,Lifestyle
704,macroeconomics,Education / E-Learning
436,  artnews,Movies & TV Shows
1004,           new yorgos lanthimos movie  bugonia  gets 2025 release date      ,Movies & TV Shows
144,luciana paulise,Career & Job Searching
354,star wars                             ,Movies & TV Shows
118,us navy,Career & Job Searching
70,careers in data and analytics,Career & Job Searching
243,spirituality,Lifestyle
1213,your heart rate can help you measure the intensity of your exercise ,Lifestyle
961,after i spent  20 000 on testing  i realized trauma was making me sick,Lifestyle
210,what s a fat burning heart rate  and how is it calculated ,Lifestyle
150,get ready for 6th grade,Education / E-Learning
69,5 best practices for managing a multigenerational workforce,Career & Job Searching
1240,how to mention your preplanned vacation during a new job interview,Career & Job Searching
274,terms   conditions,Movies & TV Shows
248,85  of people work with annoying colleagues  new survey shows,Career & Job Searching
1045,ગ જર ત ,Education / E-Learning
430,                                                                     bad boys 4 box office races past major domestic milestone in less than a month                                                             ,Movies & TV Shows
853,coppa privacy policy,Education / E-Learning
1038,frank  lipman m d ,Lifestyle
1295,the highest paying master s degrees for a lucrative career,Career & Job Searching
796,esthetician cover letter sample,Career & Job Searching
801,hair loss products are the next frontier in wellness  do they live up to their promises ,Lifestyle
1008,how to check the pulse on your entry level nurse resume,Career & Job Searching
399,terms of sale,Lifestyle
746,jena mcgregor,Career & Job Searching
1203,send feedback about the muse,Career & Job Searching
1283,medical affairs,Lifestyle
484,  your privacy choices,Movies & TV Shows
1092,the best insoles for plantar fasciitis  according to podiatrists,Lifestyle
318,so  what exactly is astrocartography  how to calculate  understand    apply your chart,Lifestyle
939,a brain health expert s favorite snack for a sharper mind,Lifestyle
1040,our supporters,Education / E-Learning
117,    youtube    ,Movies & TV Shows
37,is it better to quit or be fired ,Career & Job Searching
72,your california privacy rights,Lifestyle
732,healthline,Lifestyle
498,4 qualities of the best negotiators at work,Career & Job Searching
122,human resources and recruitment,Career & Job Searching
131,eddie murphy,Movies & TV Shows
1282,anxious about existence  how to cope with existential anxiety,Lifestyle
630, reelblend ,Movies & TV Shows
908,do not sell or share my personal information,Career & Job Searching
1209,don t miss amazon s 4th of july deals on fitness gear  sneakers  tech  and more,Lifestyle
727,    bill skarsgård s the crow official rating has more intense warnings than brandon lee s 1994 version   ,Movies & TV Shows
264,exploring careers,Career & Job Searching
690,assessment,Education / E-Learning
496,how to become a graphic designer   essential skills,Career & Job Searching
238,california privacy rights,Movies & TV Shows
1140,birth control,Lifestyle
676,malik peay,Movies & TV Shows
955,oscar predictions,Movies & TV Shows
497,interactive stories,Education / E-Learning
978,4th grade,Education / E-Learning
1265,accessibility statement,Lifestyle
468,bryan robinson  ph d ,Career & Job Searching
1052,employers,Career & Job Searching
549,    superman set photos reveal bloody first look at nicholas hoult s lex luthor   ,Movies & TV Shows
1188,research shows that time restricted eating can help you sleep through the night,Lifestyle
370,light watkins ,Lifestyle
358,resume help,Career & Job Searching
803,                     c  linked list implementation                 ,Education / E-Learning
873,hidradenitis suppurativa,Lifestyle
969,movies in theaters,Movies & TV Shows
29,fitness,Lifestyle
290,microsoft power bi data analyst professional certificate,Education / E-Learning
699,student engagement,Education / E-Learning
885,covid 19  coronavirus ,Lifestyle
229,5 tips to become a supercommunicator   have more meaningful conversations,Lifestyle
1130,google project management professional certificate,Education / E-Learning
583,cloudflare,Career & Job Searching
1119,so you want to learn how to squirt during sex,Lifestyle
514,                     a puzzle from you to me                    ,Education / E-Learning
758,coming soon to theaters,Movies & TV Shows
92,                     what is the safest way to camp in a zombie apocalypse                  ,Education / E-Learning
1017,abid rahman,Movies & TV Shows
529,worksheet generator,Education / E-Learning
111,awards calendar,Movies & TV Shows
64,features,Movies & TV Shows
269,finding a job,Career & Job Searching
25,log out,Movies & TV Shows
744,ects credit recommendations,Education / E-Learning
33,helping students manage conflict,Education / E-Learning
888,get ready for geometry,Education / E-Learning
86,    downton abbey 3 release date revealed   ,Movies & TV Shows
867,ap   college art history,Education / E-Learning
532,  the fien print,Movies & TV Shows
159, inside out 2  writer meg lefauve shares how her own anxiety helped inspire the movie,Lifestyle
1208,is it bad that i can t pee in a steady stream ,Lifestyle
414,ryan gajewski,Movies & TV Shows
1198,kien vuu m d ,Lifestyle
487,ap   college chemistry,Education / E-Learning
764,ap   college calculus bc,Education / E-Learning
43,2024 upcoming movies,Movies & TV Shows
347,how  inside out 2  is helping adults better understand their anxiety,Lifestyle
748,media  pr  and communications,Career & Job Searching
993,foods that may increase your  good cholesterol   or hdl,Lifestyle
28,commentary,Movies & TV Shows
592,yes  your period can make your depression worse  here s why and how to cope,Lifestyle
1057,health coaching,Lifestyle
305,7th grade,Education / E-Learning
130,maya feller ,Lifestyle
1258,functional food,Lifestyle
309,nicki swift,Movies & TV Shows
1082,what are the 10 most common interview questions with answers ,Career & Job Searching
30,interviews,Movies & TV Shows
1272,pursuing multiple job leads  4 negotiation mistakes to avoid,Career & Job Searching
931,how adopting  rich people hobbies  can help your career,Career & Job Searching
156, superheroes ,Movies & TV Shows
832,  get the magazine,Movies & TV Shows
296,                     if people are bred like dogs  what can be achieved                  ,Education / E-Learning
612,  video,Movies & TV Shows
1185,here s why the heat can feel so much worse when you re taking an ssri,Lifestyle
1253,motivation,Lifestyle
1197,maria gracia santillana linares,Career & Job Searching
275,meet the team,Education / E-Learning
463,contact future s experts,Movies & TV Shows
1049,how this model went went from fashion to founder,Career & Job Searching
1236,friendships,Lifestyle
548,health topics,Lifestyle
386,nathan graham lowery,Movies & TV Shows
1174,writing and editing,Career & Job Searching
439, wrestling ,Movies & TV Shows
268,                     frames given by scidraw package are not closed                 ,Education / E-Learning
215, streaming ,Movies & TV Shows
469,nba agent sues klutch sports  rich paul over lebron fees,Movies & TV Shows
740,digital sat,Education / E-Learning
737,privacy statement,Career & Job Searching
1149,integrating loose parts play into recess,Education / E-Learning
135,অসম য  ,Education / E-Learning
1242,what are summer fridays  and which companies offer them ,Career & Job Searching
176, reviews ,Movies & TV Shows
1179,job tracker,Career & Job Searching
1033,she media,Movies & TV Shows
1108,discover coursera for business,Education / E-Learning
477,generative ai,Education / E-Learning
260,research shows the time of day you exercise may actually affect fitness results,Lifestyle
1104,data collection,Lifestyle
200,  awards,Movies & TV Shows
606,what to do if your doctor isn t taking your period pain seriously,Lifestyle
183,sign up,Career & Job Searching
125,rachel bilson returns to the o c  as summer for new tequila campaign loaded with iconic callbacks  watch ,Movies & TV Shows
835,careers in finance,Career & Job Searching
292,3 ways to make money online in 2024,Career & Job Searching
51,7 things people with hs wish they knew earlier,Lifestyle
474,world history project   origins to the present,Education / E-Learning
751,čeština,Education / E-Learning
479,in a financial pinch  7 small savings tips that add up to big savings,Lifestyle
664,intro to cs   python,Education / E-Learning
1264,eating for mental health  a new study deems  this  diet worthwhile,Lifestyle
337,dating in your 30s is hard enough here s what it s like if you also have breast cancer,Lifestyle
127,middle school biology,Education / E-Learning
225,affiliates,Education / E-Learning
743,furiosa  2024 ,Movies & TV Shows
289,shining a light on dyscalculia,Education / E-Learning
31,the antioxidant supplement beloved by wellness   beauty experts,Lifestyle
164,navigating company layoffs  signs  tips  and how to prepare,Career & Job Searching
502, trailers ,Movies & TV Shows
242,the 25 best movies of 2023,Movies & TV Shows
313,song videos,Education / E-Learning
790,21 flexible part time jobs for college students,Career & Job Searching
948,            sound of freedom  director alejandro monteverde signs with wme  exclusive       ,Movies & TV Shows
552,opening this week,Movies & TV Shows
476,this may be the root cause of dull  aging skin   what to do about it,Lifestyle
799,view the full collective,Lifestyle
87,user agreement,Lifestyle
465,    here trailer  tom hanks   robin wright movie moves through millennia while the camera stays still   ,Movies & TV Shows
640,billboard,Movies & TV Shows
984,    why 2013 romantic comedy is  more relevant in the last decade  explained by joseph gordon levitt   ,Movies & TV Shows
1126,design and ux,Career & Job Searching
1224,this smart scale is the closest thing i ve found to an at home dexa scan,Lifestyle
471,give gift,Education / E-Learning
620,3 tips to checking email less frequently and reducing stress,Career & Job Searching
1091,svenska,Education / E-Learning
40,3 major ways this surprising supplement supports cardiovascular health ,Lifestyle
716,new teachers,Education / E-Learning
1016,inside out 2  2024 ,Movies & TV Shows
175,                     is there some sort of kitchen utensil device like a cylinder with a strainer                  ,Education / E-Learning
557,flying while congested  here s what you could do,Lifestyle
689,engineering jobs,Career & Job Searching
141,do this quick pilates workout to stretch and strengthen your lower body,Lifestyle
658,careers in marketing,Career & Job Searching
271,cookie notice,Education / E-Learning
493,career advice videos,Career & Job Searching
851,adchoices,Career & Job Searching
136,  accessibility,Movies & TV Shows
614,printable workbooks,Education / E-Learning
655,working parents,Career & Job Searching
510,work and covid 19,Career & Job Searching
326,  culture   politics,Movies & TV Shows
947,6 famous x rated movies and what made them so controversial at the time,Movies & TV Shows
161,gabe howard s call for better education initiatives and conversations ,Lifestyle
103,relationships,Lifestyle
423,still can t balance your blood sugar  new study shows this nutrient can help,Lifestyle
1257,the best flip flops for the beach  running errands  and beyond  according to podiatrists,Lifestyle
157,  back issues,Movies & TV Shows
472,brains are getting bigger  which is good    so why is dementia on the rise ,Lifestyle
1164,uma naidoo m d ,Lifestyle
196,  global,Movies & TV Shows
228,william cole ifmcp  dnm  d c ,Lifestyle
231,shopping,Lifestyle
869,algebra 2,Education / E-Learning
811,collective,Lifestyle
1219,advertising policy,Lifestyle
818,    x    ,Movies & TV Shows
425,                     fireball or fire spells vs  sleet storm                 ,Education / E-Learning
617,reprints   permissions,Career & Job Searching
768,what is the  rejection therapy  trend on tiktok  and will it really make me less socially anxious ,Lifestyle
996,m3gan is getting a horny spin off movie about an a i  lovebot,Movies & TV Shows
376,  podcasts,Movies & TV Shows
913,advertising,Movies & TV Shows
1289,networking,Career & Job Searching
1102,walmart,Career & Job Searching
1059,this activity may relieve menopause   menstrual symptoms  study finds,Lifestyle
1220,data and analytics,Career & Job Searching
1259,digital terms of sale,Career & Job Searching
460,google ai essentials,Education / E-Learning
415,middle school physics,Education / E-Learning
641,account management,Career & Job Searching
59,terms of use,Education / E-Learning
249,your multivitamin is incomplete without this key mineral,Lifestyle
1250,company spotlight videos,Career & Job Searching
819,  about us,Movies & TV Shows
46,caroline leaf ph d   bsc,Lifestyle
736,manage cookie preferences,Education / E-Learning
616,high school chemistry,Education / E-Learning
953,social and emotional learning,Education / E-Learning
77,our mission,Education / E-Learning
605,etan vlessing,Movies & TV Shows
1293,search job titles,Career & Job Searching
677,exercises,Education / E-Learning
